﻿Designator,Footprint,Quantity,Value,LCSC Part #
"C1, C2, C4, C5, C8, C98, C99",0805,7,100nF,C49678
"C3, C6",1206,2,47uF,C96123
"D1, D10, D11, D12, D13, D14, D15, D16, D17, D18, D19, D2, D20, D21, D22, D23, D24, D25, D26, D27, D28, D29, D3, D30, D31, D32, D33, D34, D35, D36, D37, D38, D39, D4, D40, D41, D42, D43, D44, D45, D46, D47, D48, D49, D5, D50, D51, D52, D53, D54, D55, D57, D58, D59, D6, D7, D8, D9",D_SOD-123,58,1N4148W,C2099
"D56, D60, D61, D62, D63, D64, D65, D66, D67, D68, D69",0603,11,LED,C3030991
D73,LED_D5.0mm,1,LED,DNF
DS1,DIPS1524W64P254L7087H685Q28N,1,HDSP-2103,DNF
"H1, H3, H4, H5",MountingHole_3.2mm_M3_Pad_TopBottom,4,MountingHole_Pad,DNF
J14,PinHeader_1x04_P2.54mm_Horizontal,1,KeyConn,DNF
J4,PinHeader_2x05_P2.54mm_Horizontal,1,Conn_02x05_Odd_Even,DNF
JP1,SolderJumper-2_P1.3mm_Open_TrianglePad1.0x1.5mm,1,Jumper_2_Open,DNF
Q3,STL20N6F7,1,STL9P3LLH6,C2969828
R1,0603,1,10K,DNF
"R10, R11, R12, R13, R14, R3, R4, R5, R6, R8, R9",0603,11,330R,DNF
R2,0603,1,470R,DNF
R7,0603,1,3K3,DNF
R83,0402,1,100K,DNF
RN1,R_Array_SIP9,1,10K,DNF
"SW1, SW10, SW11, SW12, SW13, SW14, SW15, SW16, SW17, SW18, SW19, SW2, SW20, SW21, SW22, SW23, SW24, SW25, SW26, SW27, SW28, SW29, SW3, SW30, SW31, SW32, SW33, SW34, SW35, SW36, SW37, SW38, SW39, SW4, SW40, SW41, SW42, SW43, SW44, SW45, SW46, SW47, SW48, SW49, SW5, SW50, SW51, SW52, SW53, SW54, SW55, SW57, SW58, SW59, SW6, SW60, SW61, SW65, SW7, SW8, SW9",SW_PG1350,61,SW_Push,DNF
U1,DIP-40_W15.24mm,1,ATmega644P-20P,DNF
U2,SSOP-16_5.3x6.2mm_P0.65mm,1,74HCT138,C8115
X2,Oscillator_DIP-8,1,CXO_DIP8,DNF
